title,views,posted
"DR KHEHLELEZI - 2025 PREDICTIONS | Isintu, Ubunyanga, Ukufa, Umuthi, Ukuthwala, Ubuthakathi, Isgubhu",1400.0,2 hours 
"BOITUMELO MONAGENG - HOW I FOUNDED SWYPA & TEMBISA NEWS | Uber Eats, Google, Facebook, Takealot,Mr D",3700.0,7 days 
"‚ÄúI WAS DISCOVERED BY CHESTER‚Äù - INNOCENT ‚ÄúBOBO‚Äù MASUKU | Acting, Yizo Yizo, Popeye & Spinach, Zola",154000.0,2 weeks 
"THULANI MTSWENI | Mr Easy Loo, Rhythm City, Gomora, Isibaya, Isidingo, Isono, Mabaso Family Reunion",318000.0,3 weeks 
"TK NCIZA | BIRTHDAY, ANC, MUSIC, BUSINESS, TS RECORDS, ZAHARA, SJAVA, SKEEM GP, ARTHUR, DR KHUMALO",13000.0,4 weeks 
"PRINCE MASHELE - 2024 POLITICAL ROUND UP | ANC, DA, MK, EFF, PA, IFP, ISRAEL, US, BOTS, ZIM, LESOTHO",171000.0,1 month 
"BONGINKOSI KHANYILE | MK Turns 1, Unity, Progressive Caucus, ANC, EFF, DA, Floyd, Adv Dali,Pres Zuma",27000.0,1 month 
"CIC JULIUS MALEMA | Upbringing, COSAS, ANCYL, EFF, NPA, ANC, MK, DA, GNU, Floyd Shivambu, Pres Zuma",330000.0,1 month 
"GABA CANAL | Music, Amapiano, New Project, Family",6700.0,1 month 
"VUSI KHEKHE MDINISO | Acting, Uzalo, Isibaya, Generations, Kasi Stories, Dr John Kani, MOFAYA, MLA",36000.0,2 months 
"ZAMALEK GIZA | God, Illuminati, Ancestors, Rastafarians, Marijuana, Spirituality, Christianity",55000.0,2 months 
"DJ SABBY - LIFE STORY | RADIO, METRO FM, YFM, KFM, 94.7, KZN, Family, Wife, Kids, Mentors, Legacy",20000.0,2 months 
"JUNIOR KHANYE ON HIS COMEBACK | Soccer, Football, Kaizer Chiefs, Jabu Mahlangu, iDiski TV, Nkululeko",29000.0,2 months 
"NOTA | POLITICS, SMWX, EFF, ANC, MK, DA, SA Hip Hop, KO, Kwesta, AKA, Usimamane, Reason, eMtee",65000.0,2 months 
Zamalek Giza | Spirituality Bantu Aliens God Credo Mutwa Inzalo Yelanga Virtual Mkhukhu,3900.0,2 months 
NHLANHLA LUX - SOWETO PARLIAMENT | Operation Dudula Politics EFF ANC Eskom Soweto 2024 Elections,1600.0,2 months 
NHLANHLA LUX - MY LEADERSHIP | Politics Operation Dudula EFF ANC Eskom Soweto,1300.0,2 months 
NHLANHLA LUX - PRESIDENTIAL ASPIRATIONS | Operation Dudula Politics EFF ANC Eskom Soweto Elections,2900.0,2 months 
NHLANHLA LUX - DEMOCRACY IN SA | Operation Dudula Politics EFF ANC Eskom Soweto 2024 Elections,2300.0,2 months 
NHLANHLA LUX - POLITICAL SABOTAGE | Operation Dudula Politics EFF ANC Eskom Soweto,2800.0,2 months 
NHLANHLA LUX - NYAOPE | Operation Dudula Politics EFF ANC Eskom Soweto 2024 Elections,3300.0,2 months 
NHLANHLA LUX - Why I Left Operation Dudula Politics EFF ANC Eskom Soweto 2024 Elections 2024,1800.0,2 months 
"PENUEL - WHY I‚ÄôM DECIDING TO BE A DEADBEAT | Umjolo a Pandemic, Kids, Fatherhood, Parenting,Toxicity",63000.0,2 months 
"Zamalek Giza - African Spirituality, Colonialism, Bantu, Aliens, God, Credo Mutwa, Inzalo Yelanga,",2000.0,2 months 
"Zamalek Giza - African Spirituality, Colonialism, Bantu, Aliens, God, Credo Mutwa, Inzalo Yelanga,",1300.0,2 months 
"MacG & Sol, Penuel | Radio, Podcast & Chill, Media, Kaya FM, YFM, Nota, Chillers, Cancel Culture",1500.0,2 months 
"Penuel, MacG & Sol Cancel Culture, Truth, Podcast & Chill, Kaya FM, YFM, Nota, Chillers",2600.0,2 months 
"Penuel, MacG & Sol | Podcast & Chill, Kaya FM YFM, Nota, Chillers, Cancel Culture",1300.0,2 months 
"Penuel, MacG & Sol | Podcast & Chill, Kaya FM YFM, Nota, Chillers, Cancel Culture",817.0,2 months 
"MacG & Sol, Penuel | Media, Broadcasting, Podcast & Chill, Kaya FM, YFM, Chillers, Cancel Culture",2100.0,2 months 
"Penuel, MacG & Sol | Podcast & Chill, Radio, Kaya FM, YFM, Nota, Chillers, Cancel Culture",3800.0,2 months 
"Penuel, MacG & Sol Podcast & Chill, Radio, Kaya FM YFM, Nota, Chillers, Cancel Culture",3200.0,2 months 
"Penuel, MacG & Sol | Podcast & Chill Kaya FM YFM Nota Chillers Cancel Culture",19000.0,2 months 
"Penuel, MacG & Sol | Podcast & Chill Kaya FM YFM Nota Chillers Cancel Culture",777.0,2 months 
"DUDUZANE ZUMA ~ WE COMING BACK TO TAKE OVER EVERYTHING | Politics, ANC, Leadership, Dubai, Business",7400.0,2 months 
"DUDUZANE ZUMA - RELATIONSHIP WITH PRESIDENT CYRIL RAMAPHOSA | Politics, Leadership, ANC, Corruption",7200.0,2 months 
"DUDUZANE ZUMA- DP WAS SICK & I HELPED HIM | DD Mabuza, Medical Attention, Russia, ANC, Pres Zuma",3300.0,2 months 
"PENUEL - ALL OLD ANC COMRADES MUST STEP DOWN | Politics, ANC, Parliament, Corruption, Young People",1200.0,2 months 
"DUDUZANE ZUMA | Politics, State Capture, Accountability, Leadership, Corruption, ANC, Crime,Business",1600.0,2 months 
"DUDUZANE ZUMA - ARE YOU RELIGIOUS? Religion, Islam, Dubai, Pres Jacob Zuma, Politics, ANC,Corruption",2700.0,2 months 
"DUDUZANE ZUMA - STATE CAPTURE | Politics, ANC, Dubai, Economy, Jobs, Corruption, Business,",985.0,2 months 
"DUDUZANE ZUMA - I DONT HAVE ANY BANK ACCOUNTS IN SOUTH AFRICA | State Capture, Corruption, Banks,ANC",3700.0,2 months 
JUNIOR KHANYE ~ WHEN YOU‚ÄôRE HUNGRY YOU DONT CARR ABOUT CELEBRATION,1000.0,2 months 
"KING INGWENYAMA MAKHOSONKE MABHENA - NDEBELE KINGDOM | MPUMALANGA, HISTORY, LAND, MINES, CULTURE,",17000.0,2 months 
"JUNIOR KHANYE ~ ACCOUNTABILITY IS NOT EAST | Responsibility, Mistakes, Faith, God, Soccer, Football",1600.0,2 months 
"JUNIOR KHANYE - I PROMOTED MYSEF WITHOUT ANYONE‚Äôs APPROVAL | PSL, Soccer, Football",3600.0,2 months 
"JUNIOR KHANYE ~ FAMILY FRIENDS KILLED MY FATHER | Murder, PSL, Soccer, Football, Chiefs, Pirates,",3100.0,2 months 
"JUNIOR KHANYE ~ I HAD 15 CAR ACCIDENTS | Youthful Mistakes, Cars, Girls, Alcohol, Soccer, Football,",823.0,2 months 
"JUNIOR KHANYE ~ NEVER KICK A MAN WHEN HE‚Äôs DOWN | Soccer, Football, PSL, Pirates, Chiefs,",1300.0,2 months 
"NOTA | KING OSCAR MBO, QUEEN MAKHADZI, LEGEND BLACKCOFFEE, ENTREPRENEUR TSHIAMO",1200.0,2 months 
NOTA | THE ORGANISATION‚Äôs GLORY DAYS ARE GONE,312.0,2 months 
NOTA | I WAS NOT DISAPPOINTED BUT I EXPECTED MORE,1400.0,2 months 
"NOTA | Drip, Phala Phala, BTTC, RIP Tito Mboweni, MacG, Emtee AKA, Chris Brown, Nkosazana Daughter",639.0,2 months 
"NOTA | PANYAZA LESUFI WILL BE DEPUTY PRESIDENT OF SOUTH AFRICA | SA POLITICS, ANC, GNU, DA, EFF, MK",2500.0,2 months 
NOTA | ONCE YOU‚ÄôRE IN TROUBLE YOU‚ÄôRE ON YOUR OWN NOBODY WANTS TO BE ASSOCIATED WITH YOU,475.0,2 months 
"NOTA | My Body My Choice, Family Planning, Abortions, Women, Men,",216.0,2 months 
"NOTA | Drip, Phala Phala, BTTC, RIP Tito Mboweni, MacG, Emtee, Chris Brown, Nkosazana Daughter",6300.0,2 months 
"BONGINKOSI KHANYILE - FEES MUST FALL | TAX THE RICH & FUND FREE EDUCATION, TAX, FREEDOM, RICH, POOR",2100.0,2 months 
"BONGINKOSI KHANYILE | PRES JACOB ZUMA MADE EDUCATION FREE | BLADA NZIMANDE, ANC NEC, PRES RAMAPHOSA",4100.0,2 months 
"MK YOUTH LEADER BONGINKOSI KHANYILE - SIYA KOLISI, VUSI THEMBEKWAYO, WHITE, BLACK, PEOPLE",15000.0,2 months 
FORMER MINISTER BLADE NZIMANDE ALLEGEDLY STOLE R40 MILLION - BONGINKOSI KHANYILE,33000.0,2 months 
"BONGINKOSI KHANYILE ~ PRESIDENT CYRIL RAMAPHOSA IS THE BIGGEST LOOTER | PHALA PHALA, CORRUPTION",6800.0,2 months 
BONGINKOSI KHANYILE | ‚ÄúMK PARTY IS THE FUTURE OF SA POLITICS & LEADERSHIP‚Äù,16000.0,2 months 
"BONGINKOSI KHANYILE - WE DONT WANT TO CHASE WHITE PEOPLE AWAY | SA POLITICS, MK, ANC, EFF, DA, PA",3300.0,2 months 
"BONGINKOSI KHANYILE - SIYA KOLISI, SA POLITICS, MK YOUTH, POVERTY, BLACK PEOPLE, CORRUPTION, ANC,EFF",21000.0,2 months 
"BONGINKOSI KHANYILE ~ WE NEED TO BUILD LEADERSHIP | SA POLITICS, MK PARTY, ANC, EFF, DA, PA,",3300.0,2 months 
"PRINCE MASHELE | POLITICS, RIP, PRAVIN, GNU, ANC, MK, EFF, BOSA, IFP, KZN, Pres Zuma, Hon Malema",2200.0,2 months 
"PRINCE MASHELE | POLITICS, ANC, EFF, IFP, DA, MK, ACTION SA, ELECTIONS",614.0,2 months 
PRINCE MASHELE - PRESIDENT JACOB ZUMA IS VERY SMART POLITICIAN,23000.0,2 months 
PRINCE MASHELE ~ THERE ARE MANY ANCs,2500.0,2 months 
PRINCE MASHELE - ACTION SA & ANC TSHWANE RELATIONSHIP WILL NOT LAST,971.0,2 months 
"PRINCE MASHELE - PANYAZA IS RIDING A DEAD HORSE | POLITICS, GNU, ANC, MK, EFF, BOSA, IFP, KZN",3000.0,2 months 
"PRINCE MASHELE | POLITICS, GNU, ANC, MK, EFF, BOSA, IFP, KZN, Pres Zuma, Hon Malema,Pres Ramaphosa",13000.0,2 months 
"PRINCE MASHELE | POLITICS, GNU, ANC, MK, EFF, BOSA, IFP, KZN, Pres Zuma, Hon Malema,Pres Ramaphosa",3400.0,2 months 
"PRINCE MASHELE | POLITICS, GNU, ANC, MK, EFF, BOSA, IFP, KZN, Pres Zuma, Hon Malema,Pres Ramaphosa",6100.0,2 months 
"PRINCE MASHELE | POLITICS, GNU, ANC, MK, EFF, BOSA, IFP, KZN, Pres Zuma, Hon Malema,Pres Ramaphosa",1200.0,2 months 
BONTLE MODISELLE | DESPERATION vs INSPIRATION,516.0,2 months 
"BONTLE MODISELLE - Family, Motherhood, Marriage, Dance, Business, Career, Radio, Acting, Piano Love",381.0,2 months 
"BONTLE MODISELLE | Motherhood, Parenting, Family, Dance, Business, Career, Radio, Acting, Piano Love",220.0,2 months 
"BONTLE MODISELLE - DIGITAL AGE | Family, Dance, Business, Career, Radio, Acting, Piano, Love",310.0,2 months 
"BONTLE MODISELLE - I MISS MY FATHER | Family, Dance, Business, Career, Radio, Acting, Piano, Love",434.0,2 months 
DR KHEHLELEZI - YINI UKUTHWALA?,5400.0,2 months 
DR KHEHLELEZI - R6 MILLION CAN LAST ME FOR ONLY 3 MONTHS I HAVE 3 WIVES,2100.0,2 months 
"PENUEL ~ SMALL BUSINESS A SCAM | Entrepreneurship, Business, innovation, Spazas, Stokvels, Hustling",104000.0,2 months 
DR KHEHLELEZI ~ AFRICAN CULTURE vs RELIGION,637.0,2 months 
"DR KHEHLELEZI - UKUSEBENZISA INYOKA KUYASEBENZA NA, UMA IFUNA IMALI ENINGI?",5800.0,2 months 
DR KHEHLELEZI - Church vs Isintu | GOOD SANGOMAS vs BAD SANGOMAS,532.0,2 months 
"Dr Khehlelezi - Church vs Isintu Ukuthwala uMuthi idlozi, iSgubhu, Business, Ubungoma Ubunyanga",1100.0,2 months 
"Dr Khehlelezi - Church vs Isintu, Ukuthwala uMuthi, idlozi, iSgubhu, Business, Ubungoma, Ubunyanga",676.0,2 months 
"Dr Khehlelezi - Church vs Isintu, Ukuthwala, uMuthi, idlozi, iSgubhu, Business, Ubungoma, Ubunyanga",1400.0,2 months 
"Dr Khehlelezi - Church vs Isintu Ukuthwala, uMuthi, idlozi, iSgubhu, Business, Ubungoma, Ubunyanga",1600.0,2 months 
SAKHILE MCAMBI | The ups & downs of entrepreneurship,857.0,3 months 
SAKHILE MCAMBI - ENTREPRENEURSHIP 101 BEGINNERS MASTERCLASS | Mining Business Trading Investments,1000.0,3 months 
"PRINCE MASHELE | POLITICS, GNU, ANC, MK, EFF, BOSA, IFP, KZN, Pres Zuma, Hon Malema,Pres Ramaphosa",131000.0,3 months 
"SAKHILE MCAMBI - ENTREPRENEURSHIP 101 BEGINNERS MASTERCLASS | Mining, Business Trading Investing",654.0,3 months 
"SAKHILE MCAMBI - ENTREPRENEURSHIP 101 MASTERCLASS | Business, Mining, Trading, Investing, Forex",151.0,3 months 
SAKHILE MCAMBI | ENTREPRENEURSHIP 101 BEGINNERS MASTERCLASS Mining Business Trading Investing,207.0,3 months 
SAKHILE MCAMBI ENTREPRENEURSHIP 101 BEGINNERS MASTERCLASS | Mining Business Trading Investing,837.0,3 months 
"NOTA & PENUEL | YOU BELIEVE IN PENUELISM, I BELIEVE IN GOD | HISTORY WILL JUDGE YOU",3900.0,3 months 
"NOTA PEN & PEN | Wits Protest, NFSAS, UCT, WSU, Prof Mamokgethi Phakeng Dr JJ Tabane UniZulu",1100.0,3 months 
"Penuel & Bishop Joshua Maponga | Education, Zimbabwe, SA Politics, Education, Religion, Spirituality",438.0,3 months 
Penuel & Bishop Joshua Maponga | Winning In The Rigged System,1300.0,3 months 
"Penuel & Bishop Joshua Maponga | Zimbabwe, Education, Religion, Government, Apartheid, Spirituality",388.0,3 months 
"Bishop Joshua Maponga | Zimbabwe, SA Politics, Education, Religion, Apartheid Spirituality",401.0,3 months 
"Penuel & Bishop Joshua Maponga - Land, Colonialism, Zimbabwe, Education, Religion, Spirituality",952.0,3 months 
"Penuel & Bishop Joshua Maponga - The Church, Zimbabwe, SA Politics, Education, Religion, Government",769.0,3 months 
"Penuel & Bishop Joshua Maponga, Zimbabwe, SA Politics, Education, Religion, Government,Spirituality",972.0,3 months 
"Penuel & Bishop Joshua Maponga | Zimbabwe, SA Politics, Education, Religion, Government, Apartheid",1000.0,3 months 
NOTA - FOREIGNERS ARE NOT THE ENEMY IN THE TOWNSHIP BUSINESS,6000.0,3 months 
PENUEL & NOTA | GRANTS CREATED A DEPENDENCY SYNDROME IN THIS SOUTH AFRICA,1800.0,3 months 
"PENUEL & NOTA | Senzo Meyiwa, Zimbabwe, Strive Masiyiwa, Chicco, Elon Musk, Bro Code",1400.0,3 months 
"CELESTE NTULI MACG 1 MILLION SUBS CELEBRATION | Sunbet Arena, Comedy, Emperors Palace, The Big Dudes",375.0,3 months 
"CELESTE NTULI MACG 1 MILLION SUBS CELEBRATION | Sunbet, Comedy, Emperors Palace, The Big Dudes",1000.0,3 months 
"CELESTE NTULI MACG 1 MILLION SUBS CELEBRATION | Sunbet, Comedy, Emperors Palace, The Big Dudes",100.0,3 months 
"I HAVE CREATED MY OWN RELIGION - PENUEL THE BLACK PEN, NOTA, THE HUSTLERS CORNER SA PODCAST",164.0,3 months 
"I AM VERY UPSET WITH THE PRESIDENT - PENUEL, NOTA, THE HUSTLERS CORNER SA",3900.0,3 months 
"PENUEL & NOTA | Senzo Meyiwa, Zimbabwe , Strive Masiyiwa, Chicco, Elon Musk,Bro Code",5400.0,3 months 
"PENUEL & NOTA | Senzo Meyiwa, Zimbabwe , Strive Masiyiwa, Chicco, Elon Musk, Bro Code",2500.0,3 months 
"PENUEL | Nota, Senzo Meyiwa, Zimbabwe, Strive Masiyiwa, Chicco, Elon Musk, Bro Code",10000.0,3 months 
"CELESTE NTULI MACG 1 MILLION SUBS CELEBRATION | Sunbet Arena, Comedy, Emperors Palace, The Big Dudes",434.0,3 months 
"CELESTE NTULI - MACG 1 MILLION SUBS CELEBRATION | Sunbet, New Show, Emperors Palace, The Big Dudes",184.0,3 months 
"WHY DOES EVERYBODY HATE NOTA? ARE YOU A CLOUT CHASER? SIZWE DHLOMO, SIM DOPE, AKA, NORTH CHEESEBOYS",533.0,3 months 
"NOTA - SA Hip Hop, Levels, AKA, YoungstaCPT Izinkabi, Sim Dope, Masscountry Capitalism Ubuntu, Clout",999.0,3 months 
"NOTA - YoungstaCPT, Izinkabi, Sim Dope, RIP AKA, Masscountry, Capitalism, Ubuntu Clout",563.0,3 months 
"NOTA | YoungstarCPT was protected from gangsterism by gangsters, SA Hip Hop, Cape Flats",4700.0,3 months 
"NOTA | YoungstaCPT, Izinkabi, Sim Dope, AKA, Masscountry, Capitalism, Ubuntu, Clout",4000.0,3 months 
"NOTA | Drip, Phala Phala, BTTC, RIP Tito Mboweni, MacG, Emtee, AKA, Chris Brown, Nkosazana Daughter",59000.0,3 months 
Pitch Black Afro - Real reason why I ended up in Jail. From premeditated murder to culpable homicide,423.0,3 months 
"Pitch Black Afro - Murder Case, Late Wife, DJ Cleo, Black Sunday, Slaghuis, Yfm, Ghetto Ruff",2500.0,3 months 
"Pitch Black Afro - Freestyle, Murder Case, Late Wife, DJ Cleo, Black Sunday, Slaghuis, Yfm",384.0,3 months 
"NOTA PEN & PEN | Wits Protest, NFSAS, UCT, WSU, Prof Mamokgethi Phakeng, Dr JJ Tabane UniZulu",3600.0,3 months 
"NOTA PEN & PEN | Wits Protest, NFSAS, UCT WSU, Prof Mamokgethi Phakeng, Dr JJ Tabane, UniZulu",1900.0,3 months 
NOTA & LEBOHANG MASASANYA| KASI BRANDS | ENTREPRENEURSHIP| PIZZA SUNDAYS | THE WEEKEND | TEMBISA,4700.0,3 months 
"NOTA PEN & PEN | Wits Protest, NFSAS, UCT WSU, Prof Mamokgethi Phakeng, Dr JJ Tabane, UniZulu",5600.0,3 months 
"Pitch Black Afro - Murder Case, Late Mom, Late Wife, DJ Cleo, Black Sunday, Slaghuis, Ghetto Ruff",531.0,3 months 
"NOTA PEN & PEN | Wits Protest, NFSAS, UCT, WSU, Prof Phakeng, Dr JJ Tabane, UniZulu",3400.0,3 months 
"NOTA - MESSAGE TO RICH KIDS | PEN & PEN, Wits Protest, NFSAS, UCT, WSU, Prof Phakeng, Dr JJ Tabane",3100.0,3 months 
Pitch Black Afro vs DJ Cleo,659.0,3 months 
"Pitch Black Afro - Why I studied music | Murder Case, Late Wife, DJ Cleo, Black Sunday, Slaghuis Yfm",315.0,3 months 
"PITCH BLACK AFRO - Murder Case Late Wife, Late Mother, DJ Cleo, Black Sunday, Slaghuis, Ghetto Ruff",442.0,3 months 
"PITCH BLACK AFRO - Murder Case, Late Mother & Wife, DJ Cleo, Black Sunday, Slaghuis, Yfm,Ghetto Ruff",678.0,3 months 
"PITCH BLACK AFRO - Murder Case, Late Mother & Wife, DJ Cleo, Black Sunday, Slaghuis, Yfm",306.0,3 months 
NOTA - I WAS HEARTBROKEN BY HER LOSING HER VIRGINITY TO SOMEONE ELSE,1300.0,3 months 
"NOTA - I DONT LIKE ANYONE | ACCUSATIONS, ALLEGATIONS, JUSTICE, MENTAL HEALTH, HEALING,CANCEL CULTURE",910.0,3 months 
"NOTA GUILTY BEFORE PROVEN INNOCENT | ACCUSATIONS, ALLEGATIONS, JUSTICE, MENTAL HEALTH, HEALING",814.0,3 months 
"NOTA CLEARS HIS NAME | ACCUSATIONS, ALLEGATIONS, JUSTICE, METOO, MENTAL HEALTH, HEALING",3500.0,3 months 
"NOTA | ACCUSATIONS, ALLEGATIONS, JUSTICE, METOO, MENTAL HEALTH, HEALING CANCEL CULTURE",582.0,3 months 
NOTA - THERE WAS A CONVERSATION ABOUT HER BEING A VIRGIN | ACCUSATIONS ALLEGATIONS JUSTICE METOO,630.0,3 months 
BERNARD PARKER DIE HOND | FROM A SHACK TO R180K A MONTH,3400.0,3 months 
BERNARD PARKER FROM R3K SALARY TO MULTIMILLIONAIRE INTERNATIONAL FOOTBALL SUPERSTAR,1900.0,3 months 
"BERNARD PARKER DIE HOND | Marriage, Family, Career, Soccer, Chiefs, Sundowns, Book,",930.0,3 months 
"BERNARD PARKER DIE HOND | Champions League, Kaizer Chiefs, Sundowns, FC Twente, Soccer, Football",304.0,3 months 
BERNARD PARKER IS KAIZER CHIEFS HIGHEST ALL TIME GOAL SCORER IN SA FOOTBALL HISTORY,411.0,3 months 
"NOTA | ACCUSATIONS, ALLEGATIONS, JUSTICE, METOO, MENTAL HEALTH, HEALING, CANCEL CULTURE,TEMBISA 1632",47000.0,3 months 
"SAKHILE MCAMBI : ENTREPRENEURSHIP 101 - BEGINNERS MASTERCLASS | Mining, Business, Trading, Investing",59000.0,3 months 
"PASTOR MBORO | CASE, CHURCH, ARREST, PROPHET BUSHIRI, ANC, CIC JULIUS MALEMA, MIN GAYTON MCENZIE",60000.0,3 months 
GOGO MAWENI - Having a spiritual husband or wife still affects you,1600.0,3 months 
GOGO MAWENI- SPCA Said how i killed my chicken was inhumane,935.0,3 months 
"NOTA | Diddy, EFF, CICJulius Malema, ANC, MK, Coal Mining, DStv Delicious, Back To The City, A-Reece",55000.0,3 months 
GOGO MAWENI- I WANTED THE FAME,2500.0,3 months 
GOGO MAWENI- I have a spirit that is capable of killing,805.0,3 months 
GOGO MAWENI- People are evil especially if you're not strong,3100.0,3 months 
GOGO MAWENI- i didn't want to become a healer or Sangoma,424.0,3 months 
"THAKGI LEDWABA I Journalism, Graduating, Corporate, TikTok, MacG, Lekau, Drip, Lamborghini, Seemah",2800.0,3 months 
"BERNARD PARKER - From Shack to Millionaire Player | Soccer, Champions League, Chiefs, Sundowns",1500.0,3 months 
"THAKGI LEDWABA I Journalism, Graduating, Corporate, TikTok, MacG, Lekau, Drip, Lamborghini",743.0,3 months 
"THAKGI LEDWABA I Journalism, Graduating, Corporate, TikTok, MacG, Lekau, Drip, Lamborghini, Seemah",2900.0,3 months 
GOGO MAWENI - I have a way of dealing with you through your phone,2300.0,3 months 
GOGO MAWENI - I help a lot of famous people / public figures,1000.0,3 months 
"THAKGI LEDWABA I Journalism, Graduating, Corporate, TikTok, MacG, Lekau, Drip, Lamborghini, Seemah",3400.0,3 months 
"BERNARD PARKER DIE HOND - Champions League, Chiefs, Sundowns, Soccer, Football, Family, Professional",27000.0,4 months 
"BISHOP JOSHUA MAPONGA - Imperialism, Colonisation, Independence, Entrepreneurship, Business,",1600.0,4 months 
"BISHOP JOSHUA MAPONGA - SELF AWARENESS, KNOWLEDGE OF SELF, BOOKS, COLONIALISM, AFRICAN SOLUTIONS",1600.0,4 months 
BISHOP JOSHUA MAPONGA - AFRICAN PROBLEMS AFRICAN SOLUTIONS |,14000.0,4 months 
"BISHOP JOSHUA MAPONGA - COLONIALISM, EDUCATION, AFRICAN SPIRITUALITY |",1100.0,4 months 
NOTA - We dont respect Phori,2000.0,4 months 
"NOTA - DJ Maphorisa, Samthing Soweto, Mas Musiq, Amapiano, Amalanga Awafani, Masters, Ownership",1900.0,4 months 
NOTA - The culture is being gate kept by its Originators,711.0,4 months 
NOTA - Its Major Labels that got Hlaudi Motsoeneng fired at SABC!,1800.0,4 months 
NOTA - I understand the anger that people have,376.0,4 months 
"XOLANI KHUMALO - SIZOKTHOLA | Drugs, Community, Crime, Police, Moja Love, Guns",3300.0,4 months 
"Xolani Khumalo - SIZOKTHOLA | Drugs, Corruption, Politicians, Cops, Crime, Illegal Foreigners",1600.0,4 months 
"NOTA - Phori will not get the respect he deserves, Amapiano, Kabza",7400.0,4 months 
NOTA - What I like about MacG,3700.0,4 months 
"Bishop Joshua Maponga - Stop Working With ANC, EFF or DA",6400.0,4 months 
Bishop Joshua Maponga- Who Left A Degree as inheritance for their children?,10000.0,4 months 
Bontle Modiselle - I carried the guilt of my father‚Äôs passing,513.0,4 months 
"NOTA - Pravin Gordan, Papa G, Mapaputsi, Big Zulu, Piano Love, Penuel, Penson, Samthing Soweto, MacG",65000.0,4 months 
"BLONDIE MAKHENE | MK PARTY, ANC, MUSIC, FAMILY, BLACK STRUGGLE",14000.0,4 months 
"MKHULU NSINGIZA ~ AFRICAN NEW YEAR | INZALO YELANGA, SPIRITUALITY, CALENDAR",17000.0,4 months 
"MALEH | The Come Up, Music, Career, Family, Patenting, Lesotho, Business",2000.0,4 months 
"Pitch Black Afro - Murder Case, Late Wife, DJ Cleo, Black Sunday, Slaghuis, Yfm, Ghetto Ruff",104000.0,4 months 
"KHANYI MAGUBANE | POLITICAL ANALYST, JOURNALIST, BUSINESSWOMAN, BROADCASTER, WRITER,",4300.0,5 months 
"BA2CADA - RADIO MASTERCLASS | JOURNEY, JOZI FM, LESEDI FM, SABC, ENTREPRENEURSHIP, FATHERHOOD",17000.0,5 months 
"PORTIA M - HOW I STARTED A BEAUTY EMPIRE FROM MY VAN | WOMEN'S DAY, BUSINESS, BRANDING, MARKETING",20000.0,5 months 
"COLLEN MALATJIE ANCYL PRESIDENT | POLITICS, ANC, MK, EFF, DA, PA, Elections, Pres Zuma, Ramaphosa,",22000.0,5 months 
"BONTLE MODISELLE | Family, Dance, Business, Career, Radio, Acting, Piano Love",131000.0,5 months 
"LINDA MTOBA | ACTING, DIGITAL ENTREPRENEURSHIP, FAMILY, DOG, CHILDREN, TV, FILM, INFLUENCING",14000.0,5 months 
"SELLO MAAKE KA NCUBE RADIO 2000 | Theatre, Generations, Scandal, The Queen, Lion King, Mentoring",5400.0,6 months 
"DJ FRESH - RADIO 2000 | Family, Yfm, Metro Fm, 5fm, Msunery, Divorce, Legacy, Music, Culture, Gigs,",36000.0,6 months 
"TRESOR - HALO YAGAMI | MUSIC, FOSTA THE SOUND, JACQUEL CULTURE, HUNTERS, TALENT SEARCH",842.0,6 months 
"NOTA | Divorce, Politics, Elections, GNU, Coalitions, IFP, ANC, MK, EFF, DA, PA, FF Plus, Orania",96000.0,6 months 
FLASHBACK REWIND : JOSHUA MAPONGA & PENUEL | Zimbabwe | SA | Politics | Religion | Spirituality,26000.0,7 months 
"ADV IKE KHUMALO & MOXIMA GAMA | Politics, Elections, Coalitions, Economy, Stock Market, GNU, ANC, DA",78000.0,7 months 
"PROF MTHUNZI MDWABA | Politics, Business, Law, Music, 2024 Elections, UDM, ANC, MK Party, EFF, ILO",33000.0,8 months 
MOSITO RAMAILI |,5500.0,8 months 
MANDISA MASHEGO | A MUST WATCH EPISODE üî•üî•üî•üî•,65000.0,8 months 
"ADV IKE KHUMALO | Politics, 2024 Elections, ANC, MK, IFP, EFF, DA, PA, PAC, AZAPO, Soweto, Apartheid",119000.0,8 months 
"WILLIAM SEBELEBELE - FROM ORPHANAGE TO EXECUTIVE | Pain, Poverty, Purpose, Corporate, Education",7100.0,9 months 
RONALD DALTON JNR | SA FPB | SOWETO THEATER | FILMMAKER| H2N TV,18000.0,9 months 
"GENERAL GTZ | Kwaito, Chiskop, SB, Lolipop, Mandoza, TKZee, 999, CCP, EMI, Vusi Leeuw, Brown Dash",81000.0,9 months 
"NOTA + LAVELL WALTON | WMC, UGKA, Geo Politics, Consciousness, USA, Russia, Israel, China, Ukraine",37000.0,9 months 
LAVELL WALTON | KINGDOMS| KING BHUNGANE III| MUSIC | EDUCATION | UGKA| CHARISMATIC LEADER,6100.0,9 months 
"SAMANTHA JANSEN - Life Story, Politics, 2024 Elections, Khoi, Coloureds, MK, DA, ANC, EFF, PA, IFP",108000.0,9 months 
"REA LEDWABA - Soccer, Football, Ria Stars, SAFA, PSL, Danny Jordaan, Teko Modise, Steve Lekoelea",57000.0,9 months 
"THAKGI LEDWABA - I Journalism, Graduating, Corporate, TikTok, MacG, Lekau, Drip, Lamborghini, Seemah",110000.0,9 months 
"DRICUS DU PLESIS - MMA, UFC, BOXING, ISRAEL ADESANYA, SPRINGBOKS, BAFANA BAFANA, CAPE INDEPENDENCE",49000.0,10 months 
"SOTG Episode 03 -King Maloyer talks radio journey, Massiv Metro, Television, stolen content and more",1000.0,10 months 
"MK YOUTH LEADER BONGINKOSI KHANYILE | 2024 Elections, ANC, EFF, IFP, IEC, DA, Jacob Zuma,Siya Kolisi",226000.0,10 months 
"SOTG Episode 2 | Prince Masuku on Bhut' Legend beef, Flash Ikumkani, Initiatives and more",2000.0,10 months 
"BISHOP JOSHUA MAPONGA | Zanu PF, SA Elections, MK, ANC, EFF, ICJ, African Problems,African Solutions",308000.0,10 months 
"INSURANCE MASTERCLASS FOR BEGINNERS ~ MAKALO MULIDZWI (EXPERT INSURANCE, SALES & FINANCIAL SERVICES)",4000.0,11 months 
"XOLANI KHUMALO FOUNDATION | Drugs, Community Initiatives, Crime,Tembisa,Leadership,Street Committees",85000.0,11 months 
"SOTG EPISODE 1 | RASHID KAY - State of SA Hip Hop, EMTEE ROLL UP BUDGET, Top 5 AND MORE...",3400.0,11 months 
"COACH NONNIE | Dating, Relationships, Umjolo, Break Ups, Simping, Marriage, Feminism, Men, Women,",11000.0,11 months 
MANDISA MASHEGO,14000.0,11 months 
"TRA - NEW ACTING CAREER | Allah, Islam, Growth, Black Brain Productions, New Brand, Prison, Youth",15000.0,1 year 
"MANDISA MASHEGO | 2024 Elections, ANC, EFF, DA, Big Pharma, Cyril Ramaphosa, Eskom, Education, Crime",43000.0,1 year 
"Tebogo Ditshego - Branding Masterclass | PR, Marketing, Advertising, Strategy, Sales, Social Media,",12000.0,1 year 
"WHO IS TINA ARDOR? The Come Up - New EP, Nairobi, KENYA, African Music, Family,",1500.0,1 year 
"KHOSI TWALA | The Come Up, Big Brother Titans, New Castle, Journalism, Industry, Naija,Trolls,Future",33000.0,1 year 
"SOLLY VISTA | Founder of KWAAL CLOTHING, JoziFm, Yfm, Ukhozi Fm, Khabzela, Skhova, Kharas",15000.0,1 year 
"TYLA - The Come Up | Flashback Matric Year, Kooldrink, Amapiano, South African Music, School, Water",18000.0,1 year 
"BOLDLY OWAMIE | Masterclass, 2023 Wrap Up, Nota, Jackie Phamotse, JubJub, MacG, Dr Matthew",32000.0,1 year 
"S2E9: DJ Sox | Overcoming Drug Addiction, Business, Durban's Finest, DJ Tira, New Music & Family",70000.0,1 year 
"S2E8: Ofentse ""Primo"" Baloyi | On TikTok, Making Money Online, Lucas Radebe, Acting & Upbringing",38000.0,1 year 
"LASIZWE | Awkward Date, Digital content entrepreneurship, relationship with late mother and more",26000.0,1 year 
"S2E7: Pat Mahlangu | Local Brands, Entrepreneurship & Youth Unemployment",4800.0,1 year 
"S2E6: Mpho Sebeng | On Purpose, Netflix, Acting, Directing, Upbringing & Spirituality",31000.0,1 year 
"S2E5: Xolani Khumalo | Foundation, Crime, Drugs, Moja Love, Death Threats, XRepo, Mining, Sizokthola",650000.0,1 year 
"S2E4: Tebogo Moalusi | Rise Mzansi, SA Elections, Entrepreneurship | The Hustler's Corner Podcast",9400.0,1 year 
"PENUEL THE BLACK PEN & PENSON MLOTSHWA | Afriforum, Brotherhood, Family, Parenting, Sister Penrose",24000.0,1 year 
NOTA IN NYC,27000.0,1 year 
"NOTA - BLACKCOFFEE MSG | UncleWaffles, Revolt, MajorLeague, Cassper, Nasty C, ALGOA",63000.0,1 year 
"S2E3 | Dr. Lwazi Lushaba on The Condition of Black People, Colonialism, & Education in SA",72000.0,1 year 
"YAYA MAVUNDLA - LGBTQI, Trans Education, Tv, Radio",4600.0,1 year 
"S2E2 | Collen Malatji on ANCYL, 2024 Elections, Unemployment Rate and more.",25000.0,1 year 
"Umshumayeli We Langa - Inzalo Yelanga, Credo Mutwa, Indaba My Children, Humanity, Astrology, Matopo",20000.0,1 year 
"S2E1:Joshua Maponga | New Book: African Questions & African Solutions, Zim Elections, BRICS, Zanu PF",205000.0,1 year 
"IFANI - How I Survived My Tough Times | Music, Family, Rap, Cassper, AKA, DJ Maphorisa, SA Hip Hop",74000.0,1 year 
"CELESTE NTULI - MACG 1 MILLION SUBS CELEBRATION| New Show @ Emperors Palace, Celeste & The Big Dudes",15000.0,1 year 
Gogo Maweni,183000.0,1 year 
"MELISSA NAYIMULI - MISS SA 2023 FINALIST | The Voice, Ugandan Roots, Xenophobia, Film, TV, Trolls",3200.0,1 year 
"WISEMAN MNCUBE | Mandoza Biopic, Shaka iLembe, Zwide, The Wife, Uzalo, Menzi Ngubane, Thobani Nzuza",35000.0,1 year 
"MANDISA MASHEGO - HAPPY WOMENS DAY | Mining, Minerals, Gold, Coal, NGOs, Climate Change, Books",7800.0,1 year 
MPHO TSHABALALA - NKALAKATHA DOCU-SERIES | The Life & Times Of MANDOZA,21000.0,1 year 
"PODCAST AND CHILL 1M SUBS CELEBRATION IN SOLD OUT SUNBET ARENA | Nkululeko, Sol Phenduka, JJ, Mac G",121000.0,1 year 
"MUSA MOTHA - HOW I SURVIVED CANCER | Britain's Got Talent, Childhood, Dancing, Style, Books, Youth",5000.0,1 year 
"MANDISA MASHEGO | Jabs, Covid, Big Pharma, Corruption, Tobacco Bill, Eugenics, NGOs, Coal. Trucks",16000.0,1 year 
JOHN STEENHUISEN - DA LEADER |,24000.0,1 year 
"SIMPHIWE NGEMA & TINO CHINYANI | Success, Family, Love, Parenting, Business, Legacy, Social Media",69000.0,1 year 
MASECHABA KHUMALO |,21000.0,1 year 
"MOFLAVA - RADIO CHANGED MY LIFE | Yfm, Metro Fm, Highveld 94.7, MacG, Gigs, Investments, Podcasts",42000.0,1 year 
"FIFI COOPER - I AM THE BEST FEMALE MC IN SA | SA Hip Hop, Maftown, Emtee, A-Reece, Boity, Casspet",8900.0,1 year 
NEFISA MKHABELA - I BOUGHT MY MOM A HOUSE AT 21 |,21000.0,1 year 
"TOUCHLINE - My Come Up | Top 5 List, Tembisa, Muthaland, Royalties, New Music, Investments, HHP, AKA",37000.0,1 year 
PUBLIC PROTECTOR ADV BUSISIWE MKHWEBANE,36000.0,1 year 
ZAMALEK GIZA,59000.0,1 year 
"CANDICE MODISELLE | God, Wits Drama School, Presenting, YoTv, Acting, Netflix, Family, 5 Minute Call",16000.0,1 year 
"TRA | 325iS, TebzaMrembul, Prison Escape, JubJub, AK47, R1, Soweto, JeffBrown, AmaKabasa, AmaToaster",439000.0,1 year 
"MAMA LOUISA | RIP Riky Rick, New Book, Kilimanjaro, Mount Everest, Family, Healing Process",28000.0,1 year 
"MULTI AWARD WINNING BETUSILE MCINGA | Lusanda, Metro Fm Awards, Gospel Music, Family, Church",4600.0,1 year 
"NATHI MANKAYI - My Come Up | Life in Prison, Music Saved My Life, Vusi Nova, Muthaland, New Music",45000.0,1 year 
"DJ BIG SKY - My Come Up | Amapiano, Fatherhood, New Music, Family,",1800.0,1 year 
"MPHO WABADIMO - 2022 BEST & WORST YEAR OF MY LIFE | Spiritual Growth, R2M, Pregnancy, Family, Kids",200000.0,1 year 
"DEEP LONDON - My Come Up | Amapiano, Boohle, Hamba Wena, Gqom, Deep House, Eastern Cape, DJing",1800.0,1 year 
"KWESTA | 21 QUESTIONS FROM NOTA | Staying Power, DAKAR, SWAY, AKA, Slikour, Rick Ross, Wale, Cassper",150000.0,1 year 
"MARK BANKS | Comedy, Politics, AI, Conspiracy Theories, New World Order, Blue Blood",3400.0,1 year 
"Ep06 Leslie Gama | The Property Talkshow, Umnotho Village, Development, Investing, Crowdfunding,",5300.0,1 year 
"ZAMALEK GIZA| Aliens, Reptilians, Science, White Supremacy, Melanin, Credo Mutwa, Theology,Religion",75000.0,1 year 
"BOLDLY OWAMIE ENTERTAINMENT | YOUTUBE BEGINNERS MASTERCLASS, Monetize, Adsense, Analytics,SEO,Shorts",26000.0,1 year 
Sammy Mhaule | Kicks Sportswear | Makhadzi | Being Mr Tembisa | UK | Entrepreneurship | DJ SBU,3100.0,1 year 
"TIDIMALO SEHLAKO | Modeling, BETAfrica, Yoga, Acting, Miss SA, Mental Health, Nadia Nakai, Acting",2600.0,1 year 
"Ep05 Siboniso Mtshali | The Property Talkshow, Money Republic, Investing, Land, Financial education",17000.0,1 year 
"KHULU SKENJANA - IDOLS IS COOKED THATS WHY I BECAME A ACTOR | SA Film & TV, HHP, YFM, Garreth,Randal",27000.0,1 year 
"Aymos Shili | Amapiano, Emcimbini, DJ Maphorisa, Kabza De Small, Daliwonga, Tembisa, PR, Branding",14000.0,1 year 
"Lloyiso | Life Story, Music, Ambitiouz Entertainment , Producing, New York, DJ SBU",13000.0,1 year 
"MASELLO MOTANA | Vocal Museum, Spirituality, Femininity, The African Agenda, TV, Arts, Music, Poetry",3500.0,1 year 
"Ep04 Tshepo Moloi | The Property Talkshow, Stokfella App, Crowdfunding, Investing, Fintech, Banking",3900.0,1 year 
"NOTA + SIMZ | YouTube Masterclass, Monetizing, Adsense, Google Ads, SEO, Niche, Ratecard, Owamie",24000.0,1 year 
"Nkulee Dube | Life Story, Lucky Dube, Reggae Music, Lebo Mathosa, South Africa, DJ SBU",43000.0,1 year 
DJ Sbu 200k Subs Celebration Mix - Hustlers Grooves Ep06,4500.0,1 year 
DJ Sbu 200k Subs Celebration Mix - (SORRY POOR SOUND QUALITY),5700.0,1 year 
"RONALD DALTON JR | Hebrews 2 Negroes Movie, SA Launch, Bantu, Africa, FBA, ADOS, Kyrie Irving, Ye",106000.0,1 year 
"Nhlanhla Lux | Electoral Ammendment Bill, Vote 4 Soweto, 2024, Julius Malema Comments, Eldos, Alex",87000.0,1 year 
ZULUBOY,63000.0,1 year 
"Lebo Lion The Voice of Marketing | Branding, Sales, Business, Finance, Systems & Processes, Podcasts",13000.0,1 year 
"DJ SBU | Ekasi Noble Property Development, Investments, Wealth Creation, Real Estate, Building",17000.0,1 year 
"Ep3 | Witness Mdaka | Property, Investments, Development, Wealth Creation, Renovations, Credit, Debt",64000.0,1 year 
"Property Development | Investments, Wealth Creation, Real Estate, Building, Seminars, Regulation",30000.0,1 year 
"MDUDUZI MABASO ""SUFFOCATE"" vs DJ SBU",85000.0,1 year 
"Dr Khehlelezi | Church vs Isintu, Ukuthwala, uMuthi, idlozi, iS'gubhu, Business, Ubungoma, Ubunyanga",529000.0,1 year 
"Lelo N | YouTube Beginners Masterclass, AdSense, Monetization, Cyberbullying, Podcasts, Real Estate",32000.0,1 year 
"NOTA | Prison, Thabo Bester, G4S, USA, Gold Mafia, Oil, Zimbabwe, Yeezy, Gaddafi, Viruses, LOADSHDNG",201000.0,1 year 
"Joshua Maponga | Zimbabwe, Gold Mafia, Christianity, BRICS, US Dollar, Anti-Gay Bill, GWYZA, SAMusic",767000.0,1 year 
Nduduzo Makhathini | Jazz |Spirituality | Lecturing | Blue Note Records | Family |,8200.0,1 year 
Ep2 | DJ FRESH | WAW Podcast | Property | Investments | Yfm | Metro Fm | Ibiza | Fresh House Flava,24000.0,1 year 
JOSIAH DE DISCIPLE vs NOTA | Pioneering Amapiano | Jazzi Disciples | JazziQ | Culoe De Song | DJ Sbu,32000.0,1 year 
William Last KRM catches up with DJ Sbu Live (Flashback),10000.0,1 year 
"Ep1| TT Mbha | Real Estate, Mzansi Cribs, Property Stokvels, Investing, Developments, Regulation",30000.0,1 year 
"PENSON MLOTSHWA | TEACHING, MEDIA, FATHERHOOD, PENUEL, INTENTIONAL PARENTING, FITNESS, GUNS",15000.0,1 year 
Shezi The Co-Founder catches up with DJ Sbu Live (FLASHBACK),16000.0,1 year 
"THE SOIL - New Album, Nativ Rhythms, World Travels, Spiritual Growth, Samthing Soweto, Sipho Sithole",28000.0,1 year 
"Ngizwe Mchunu | Bhinca Nation, Maskandi, Julius Malema, Jacob Zuma, isiZulu, iZinkabi, KwaZulu, KZN",187000.0,1 year 
NOTA - Free Music Business Beginners Masterclass Part 1,32000.0,1 year 
"FOCALISTIC | Major League DJz, Davido, Amapiano, 18 Area, Grammys, Ghetto Gospel, Rankuwa, PTA,Kenya",47000.0,1 year 
Nota | Penuel | French Fry | AKA Mass Country Album Review | SA Hip Hop| Megacy | Bheki Cele |,74000.0,1 year 
"NOTA, PEN & PEN, DJ SBU, Wits Protest, NFSAS, UCT, WSU, VC Mamokgethi Phakeng, Dr JJ Tabane, UniZulu",109000.0,1 year 
Rizza Islam 2018 Flashback - Black Consciousness,4800.0,1 year 
"Nota | YoungstaCPT, Izinkabi, Sim Dope, AKA New Album, Masscountry, Capitalism, Ubuntu, Clout, WAKU",166000.0,1 year 
"Thebe Ikalafeng| Africa Branding Masterclass: Kilimanjaro, NIKE, TSHEPO, DRIP, MAXHOSA, BATHU,MOFAYA",16000.0,1 year 
"Dr Khehlelezi| Life Story, Ubunyanga, Ubungoma, Ukwelapha, Isgubhu, Ukubopha, Ukuqina,",6600.0,1 year 
Tumisho Masha | Life Story | Fences |Top Billing | Acting | Fatherhood | Feminism | Invasion,15000.0,1 year 
Credo Mutwa vs David Icke vs Michael Tellinger:- Temples of the African Gods x Inzalo Yelanga,43000.0,1 year 
NOTA Arrested| Legal Letters| Apology| Don Design| Yanga| Mental Asylum| AKA Memorial| Burna Boy,258000.0,1 year 
A-Reece | Ambitiouz | Jay Jody | Stogie T | Prokid | Sway | SA Hip Hop | New Music | Revenge Records,350000.0,1 year 
NOTA | Riky Rick | Grammys | Zakes Bantwini | Nomcebo Zikode | Kwesta | Fees must fall | AKA,126000.0,1 year 
Who was Tebello Tibz Motsoane? 2016 interview in his ownwords - RIP TIBZ RIP AKA #RIPTIBZ #RIPAKA,41000.0,1 year 
NHLANHLA LUX | Why I Left Operation Dudula | Politics | EFF | ANC | Eskom | Soweto | 2024 Elections,925000.0,1 year 
Khanyisa Jaceni | TikTok Growth | Music | Scorpion kings | Amapiano | Social media | Haters | God,48000.0,1 year 
NOTA | Podcasts | American Tour | Amapiano | Spotify | Jay Z & YE | Lucky Dube | New York,79000.0,1 year 
Sbahle Mpisane | Life Story | High-Profile Relationship | Her Accident | Recovery | Family,57000.0,1 year 
Gloria Bosman | Life Story | Music | Moses Molelekwa | Jazz | Brenda Fassie | Soweto | France,5200.0,2 years 
Dr Tu Nokwe | Life story | Sarafina | Apartheid | Family | Acting | Writing | Music,3500.0,2 years 
Samad Davis | Life Story | Kings of Joburg | Shona | Flim School | Entrepreneurship | Africa,52000.0,2 years 
Makhafula Vilakazi | Life Story | Poetry | Music | Brown People | Townships | Apartheid,17000.0,2 years 
Jesse clegg | Life Story | Jonny Clegg | South African Music | World Wide | Producing | NFTs,3900.0,2 years 
Tzaneen Learners [ June 16 Edition ] Youth | Career Building | Internet | Government | ABT | DJ SBU,3700.0,2 years 
Lihle Msimang | How to Make Money in Comedy | Life Story | Motherhood | South Africa | Social media,4400.0,2 years 
Mandla N | Life Story | Black Brain | City Ses'la | Diep City | Black Door | Media Industry,38000.0,2 years 
Zwai Bala | Life Story | Tkzee | Music | Magesh | Hugh Masekela | Religion,15000.0,2 years 
Jabu Hlongwane | Life Story | Joyous Celebration | Live shows | Gospel | Youth | Music | God,11000.0,2 years 
Dr. Zulumathabo | African Spirituality | Software | African Calculator | Maths | gods | Science,83000.0,2 years 
[Throwback] DJ Sbu World Record Experience | Simmy & Sun-El Musician | Life story | music,10000.0,2 years 
Msaki | Life Story | Music Composing | Amapiano & House | Platinumb Heart Beating,31000.0,2 years 
Jaziel Brothers | Life Story | Jazz & Kwaito Music | Record Labels | Contracts | SAMRO | Masters,9600.0,2 years 
Slikour | Music Business | Digital Content | Amapiano | Hip Hop | SkwattaKamp | Kwaito | Nota|,25000.0,2 years 
Lwanda Gogwana | Life Story | Jazz Music | Hugh Masekela | Trumpet | Music Score,2000.0,2 years 
Don Laka | Music Business | Kalawa Jazmee | Amapiano | Kwaito | Jazz | Oskido | Bra Hugh |,15000.0,2 years 
Virtual Mkhukhu Ep31 | Buhle Mda | Life Story | The Soil | Samkelo | Makoti | Women | ukuthwasa,39000.0,2 years 
Kabelo Mabalane | Music Business | TKZee | Kwaito | RIP Magesh | Family | God | Fitness | Gym,61000.0,2 years 
Mkhul'Nsingiza | African Spirituality | African Calendar | Vusamazulu Credo,47000.0,2 years 
"Criselda Kananda | Books, Business, Radio, Kaya Fm, Metro Fm, SAFm, Vaccines, HIV Activism, Covid19",22000.0,2 years 
"Virtual Mkhukhu Ep30: Penuel Joins Afriforum, DJSbu off to New York, MajorLeague DJz, KanYe West,BLM",35000.0,2 years 
Adv Dali Mpofu | 60th Birthday | Politics | EFF | ANC | SABC | Marikana | Jacob Zuma | Julius Malema,130000.0,2 years 
Yonela Mnana | South African Music Scholar | Pianist | Jazz | PHD |Sankofa | Paul Mnisi | DJ Sbu,4500.0,2 years 
"Samke Mhlongo: Wealth Coach, Business, Marriage, Finance, Entrepreneurship, Ringfence, Kaya Fm,Books",17000.0,2 years 
"Virtual Mkhukhu Ep29 | Business, Censorship, MoFaya, KanYe, Mzekezeke, Khabzela, Phat Joe, DJ Cleo",28000.0,2 years 
K.O | SETE | Young Stunna | Blxckie | New Music | SR3 | Zuma | Fezeka| Afrobeats| Sarkodie|Amapiano,96000.0,2 years 
"Thandiswa Mazwai | New Music | Sankofa | Belede | Mam Busi Mhlongo, Bra Hugh, Msaki, Oprah, Kalawa",43000.0,2 years 
B.A Pusha | How I make 200k a month online | Dropshipping | Amazon FBA | Takealot | TikTok | Youtube,61000.0,2 years 
Virtual Mkhukhu Ep28 | Inzalo Yelanga | Black Agenda | Crypto |Joburg Mayor | Cassper | Trevor Noah,24000.0,2 years 
Tshepo Mohlala | Founder | Tshepo Jeans| Fashion | Denim | Entrepreneurship| Business|African brands,13000.0,2 years 
Vusi Thanda | Life Story | Emzini Wezinsizwa | Velaphi | Isidingo | Acting | RIP Shona Ferguson,189000.0,2 years 
Grey Jabesi | Making money online | Crypto | Digital | Bitcoin | Forex | Trading | Wealth | Dubai,16000.0,2 years 
"DJ Sbu - Heritage Day: The Decolonisation of Religion, Culture & the Economy",25000.0,2 years 
Eric Miyeni | Life Story | Soweto | Acting | Books | Family | Film | Radio | Law School | DJ SBU,21000.0,2 years 
Frans Mkhize | Life Story | Black Door | Emzini Wezinsizwa | Apartheid | Acting | Vuka Dakie,25000.0,2 years 
Virtual Mkhukhu Ep27 | MoFaya | Inzalo Yelanga | African New Year | Business | Debt | Harley Bailey,20000.0,2 years 
Nota & Mansa | Amapiano | Hip Hop | Afrobeats | Cassper| Blackcoffee| Big Zulu| TikTok| God Did| KO,92000.0,2 years 
Letoya Makhene Pulumo | Life Story | Her Father | Generations | Acting | Ubungoma | Ukuthwasa,58000.0,2 years 
Zamalek Giza | Spirituality | Bantu | Aliens | God | Credo Mutwa | Inzalo Yelanga | Virtual Mkhukhu,328000.0,2 years 
"Nota Baloyi | Marriage | Black Women | Black Men | Twitter | America | Music| Laws, Rights | DJ SBU",65000.0,2 years 
Joshua Maponga | Zimbabwe | SA | Politics | Education| Religion| Government| Apartheid| Spirituality,775000.0,2 years 
Gogo Skhotheni | Life Story | Ubungoma | Ukuthwasa | Witchcraft| Ukuthwala| Tokoloshe| Money Spirits,854000.0,2 years 
Dr. Tu Nokwe | Life story | Sarafina | Apartheid | Family | Acting | Writing | Music | Women's Month,13000.0,2 years 
Virtual Mkhukhu Ep26 | SAMAs | Zimbabwe | Limpopo Health MEC | Men's Conference | Business,40000.0,2 years 
DJ Sbu - Hustlers Grooves Ep05,2400.0,2 years 
Chef Nti | Life Story | Entrepreneurship | Restaurants | Travelling | Women's Month,8000.0,2 years 
Tshepiso Ramotsehoa | Life Story | Business Coaching | Government | Education | Youth | Finance,8000.0,2 years 
Virtual Mkhukhu Ep25 | RIP Magesh | King MisuZulu | Mihlali| Leeroy| Josh Groban| Podcast & Chill,33000.0,2 years 
Zikhona Sodlaka | Womens Month | Life Story | Acting | The Wife | Women | Finances | Goals | DJ SBU,35000.0,2 years 
Siko Twins | Twice As Bold | Women's Month | Life Story | Fitness | Friends Like These | Reality TV,32000.0,2 years 
Virtual Mkhukhu Ep24 | Penuel On Podcast & Chill | DJ Sbus Look| Duduzane Zuma| Miss SA| Sol & Dineo,64000.0,2 years 
Mokgadi Rameetse | BBBEE Transformation Expert | Womens Month | Business | Finance | DJ Sbu,7800.0,2 years 
Nicolette Mashile | Womens Month | OctaFX | Investing | Saving | Property | Forex | Crypto | Finance,38000.0,2 years 
VM PART 2 | Mandisa Mashego | Women | Men | Politics | Colonization,18000.0,2 years 
Virtual Mkhukhu EP 23 | Mandisa Mashego | Women | Men | Politics | Colonization | Inzalo ye langa,32000.0,2 years 
DJ Sbu - South African Classic Old School Kwaito Mix - Hustlers Grooves Ep04,12000.0,2 years 
Linda Sebezo | Life Story | Apartheid | Acting | Auditions | The Black Door | Women Month | DJ SBU,44000.0,2 years 
Duduzane Zuma talks ANC & Jacob Zuma | Presidential | Crypto | Youth | Courts | Dubai | South Africa,190000.0,2 years 
DJ Sbu - Hustlers Grooves Ep03,11000.0,2 years 
Douglas Ngobeni | Life Story | Eskom | ANC | Cosas | Youth | R350 Grant,27000.0,2 years 
Mansa Mayne | Life Story | How I make money on Youtube | Nasty C | South Africa | USA | Music|Crypto,155000.0,2 years 
Reason | Lifestory | Hip hop | Amapiano | Record Labels | Contracts | Being An Artist | Finances,37000.0,2 years 
DJ Sbu 100k Subs Celebration Mix - Hustlers Grooves Ep02,18000.0,2 years 
"Panyaza Lesufi | Life Story, ANC, President, Guptas, Townships, Banks, Government, Nelson Mandela",51000.0,2 years 
Connie Chiume | Life Story | Black Panther 2 | Hollywood | Gomora | Acting | Apartheid | Family,34000.0,2 years 
Virtual Mkhukhu EP20 | 100k Subs | MacG & Sol | Podcast | Petrol | 2024 Elections | Eskom | Youtube,42000.0,2 years 
Blackcoffee 100k Subs Celebration Mix - Hustlers Grooves Ep01,20000.0,2 years 
Black Coffee | Life Story | Legacy | Grammys | World Record | Music | Meltz2000 | Ibiza | Drake,106000.0,2 years 
Virtual Mkhukhu EP19 | MacG & Sol | Podcast & Chill | Kaya FM | YFM | Nota |Chillers |Cancel Culture,400000.0,2 years 
Virtual Mkhukhu Ep18 | Tbo Touch | Metro FM | Touch HD | SABC | Fired Fm | Data Must Fall | Def Jam,75000.0,2 years 
Nota | Radio & TV | Podcasts | Mac G | Nelson Mandela | ANC | Apartheid | MoFaya | Politics | DJ SBU,114000.0,2 years 
Virtual Mkhukhu EP17 | Herman Mashaba | Action SA | ANC | DA | Mayor | Business | 2024 Elections,44000.0,2 years 
Theo Baloyi | Founder | Bathu | Africa Top 100 Brands | Forbes | Business | Finance | Leadership,50000.0,2 years 
Zamalek Giza | Spirituality | Zulu | Bantu | Aliens | God | Credo Mutwa | Nature | DJ SBU,302000.0,2 years 
Virtual Mkhukhu EP16 | Afriforum |Senzo Meyiwa Trial | Land Expropriation |Apartheid Flag |Afrikaans,58000.0,2 years 
Grey Jabesi | Life Story | Bitcoin | Crypto Hustle | Crypto University | Cape Town | DJ Sbu,10000.0,2 years 
Lady Zamar | Life Story | New Music | New Book | Spirituality | Growth | Writing | DJ SBU,26000.0,2 years 
Virtual Mkhukhu Ep15: Eusebius Mckaiser | Radio | Politics | Race | Academia | Rhodes |Books |LGBTQI,61000.0,2 years 
Rudeboy Paul & Mkhul'Nsingiza | African Spirituality | African Calendar | Vusamazulu Credo Mutwa|YFM,89000.0,2 years 
June 16 Special | DJ Sbu | Lifechanging Speech | Youth Day | Khayelitsha | Tembisa | Soweto | 1976,16000.0,2 years 
"Lachief ""I had 65 Bitcoins & sold 38"" | Tiktok | Computers | Tech | Venda | Digital Hustle | DJ Sbu",43000.0,2 years 
Virtual Mkhukhu Ep14 |Dr Khulani Sikhosana | Founder | Vuka Darkie |Buy Black Movement| Market Place,22000.0,2 years 
Dr John Kani | Kunene & the King | Sizwe Banzi is Dead | Lion King |Black Panther | Captain America,86000.0,2 years 
Sheldon Tatchell | Life Story | Founder | Legends Barber | Success | Franchising | DJ SBU,25000.0,2 years 
Virtual Mkhukhu EP13 There's money online | Youtube | Podcasts | Affirming each other | Old Episodes,28000.0,2 years 
Simphiwe Dana | Life Story | Career | Poetry | Zandisile | Music | Family | Black Coffee Remix|,28000.0,2 years 
Cornet Mamabolo | Life Story | Financial Services | Acting | Skeem Sam | Insurance | Digni | DJ SBU,77000.0,2 years 
Virtual Mkhukhu EP12 | Cyber Security | Lawsuits | South Africas Sovereignty | Kevin Samuels |DJ SBU,32000.0,2 years 
Veli Mbele | Pan Africanism | Black Consciousness | AZAPO | PAC | ANCYL | ANC | AZASCO | MUTAPA,45000.0,2 years 
Palesa Molefe | Miss Botswana | Life Story | Miss World | Forbes | Acting | Purpose | DJ SBU,29000.0,2 years 
Virtual Mkhukhu EP11 | Lekau Sehoana | Drip | Cassper Nyovest | Finesse | Domain | Kiddies Republic,76000.0,2 years 
Relebogile Mabotja | Life Story | 702 | UNPACKED | Motherhood | Music | Business | Content | DJ SBU,74000.0,2 years 
Jackie Phamotse | Life Story | New Book | Blessers | Politicians | Depression | Human Trafficking |,183000.0,2 years 
Virtual Mkhukhu EP10 | Nota | Senzo Meyiwa | Zimbabwe | Strive Masiyiwa| Chicco| Elon Musk| Bro Code,153000.0,2 years 
How I Make Money From YouTube | Nicolette Mashile | Education | Finance | Entrepreneurship | DJ Sbu,49000.0,2 years 
"""My purpose, Ukuthwasa"" | Mpho Wa Badimo | Big Brother | Ubungoma | Depression | Winning | DJ SBU",500000.0,2 years 
"""We Are All In The Same Basket"" | Race | Netflix | Comedy | Celeste Ntuli | DJ SBU",118000.0,2 years 
My First Time In South Africa| Saycon Sengbloh| The Fixer| Scandal| Sarafina| Fela| Broadway| DJ Sbu,13000.0,2 years 
Virtual Mkhukhu EP 09 | Elon Musk | Twitter | Facebook | Zahara | Workers Day | Penuel | DJ SBU,21000.0,2 years 
True Meaning Of African Spirituality | Gogo Dineo | America | God | Penuel | DJ SBU,205000.0,2 years 
Virtual Mkhukhu EP 08 | Pabi Moloi | Lobola | iSithembu | Sex | KZN | Penuel Mlotshwa | DJ SBU,39000.0,2 years 
""" The Most Dangerous Jobs in Government"" | Mandisa Mashego | ANC | DA| Cyril Ramaphosa | Jacob Zuma|",276000.0,2 years 
Virtual Mkhukhu EP 07 | Dr Zweli Mkhize | Cassper Nyovest | Elon Musk | Crypto | Being Blacklisted,33000.0,2 years 
Dr. JJ Tabane | Business | Politics | eNCA| PHD | Family | Turning 50 | Legacy | Penuel| DJ Sbu,218000.0,2 years 
Virtual Mkhukhu EP 06 | Black Coffee | Moeletsi Mbeki | Crowdfunding | Covid-19 | Penuelism | DJ Sbu,15000.0,2 years 
"""Africa Should Have Its own Calendar"" | Mkhul'Nsingiza | Penuel Mlotshwa | DJ Sbu",168000.0,2 years 
Virtual Mkhukhu EP05 | Will Smith Chris Rock | Oscars | Nhlanhla Lux | Bill Gates | Zimbabwe | NSFAS,22000.0,2 years 
""" DA Is A Racist Political Party Of Land Thieves "" | Andile Mngxitama | Penuel Mlotshwa | DJ Sbu",136000.0,2 years 
Virtual Mkhukhu EP 04 | Youtubers | Interest Rate | Financial Literacy | Penuel Mlotshwa | DJ Sbu,21000.0,2 years 
"""I Had 15 Car Accidents"" | Junior Khanye | DJ SBU | The Hustlers Corner",215000.0,2 years 
Virtual Mkhukhu EP 03 | SA Artists | KimYe | Propaganda | USA Is A bully | Penuel Mlotshwa | DJ Sbu,20000.0,2 years 
"""I Don't Desire To Be A Politician"" | Nhlanhla Lux | Penuel Mlotshwa | DJ Sbu | The Hustlers Corner",198000.0,2 years 
Virtual Mkhukhu EP 02 | illegal immigrants | DJ Dimplez | White & Black kids | Penuel Mlotshwa,22000.0,2 years 
Who is Paul Maleke? | Rags to Riches Life Story | Luxury Car Wrap | The Hustlers Corner | DJ SBU,10000.0,2 years 
Mamkhize - What is Success,6100.0,2 years 
TT Mbha - How he created more income streams for his Real Estate Business,5000.0,2 years 
"""Nelson Mandela Did Not Free Us"" | Who is Nota? | I didn't struggle | The Music Game | Makin Money",82000.0,2 years 
Ukraine/Russia | RIP Ricky Rick | Fame | Depression | Trees | NFTs & Crypto | Land | Penuel Mlotshwa,29000.0,2 years 
How To Grow Your Business | Bulelani Balalala,1700.0,2 years 
The Hustlers Corner at the Durban Business Fair Episode 10,1900.0,2 years 
Robot Boii Talking Music Entertainment & Multiple Incomes | The Hustlers Corner SA Podcast.,26000.0,2 years 
The Hustlers Corner at the Durban Business Fair Episode 09,1100.0,2 years 
Talking Property Development with Lebogang Lebepe | The Hustlers Corner SA Podcast.,15000.0,2 years 
The Hustlers Corner at the Durban Business Fair Episode 08,628.0,2 years 
"Talking Business, Religion & Politics with Penuel Mlotshwa | The Hustlers Corner SA Podcast.",33000.0,2 years 
The Hustlers Corner at the Durban Business Fair Episode 07,1100.0,2 years 
Talking Township Entrepreneurship with Bulelani Balabala | The Hustlers Corner SA Podcast I,12000.0,2 years 
The Hustlers Corner at the Durban Business Fair Episode 06,1100.0,2 years 
Talking Cryptocurrency with Lonwabo Fololo | The Hustlers Corner SA Podcast I,7700.0,2 years 
The Hustlers Corner at the Durban Business Fair Episode 05,996.0,2 years 
The Hustlers Corner at the Durban Business Fair Episode 04,1600.0,3 years 
The Hustlers Corner at the Durban Business Fair Episode 03,1300.0,3 years 
The Hustlers Corner at the Durban Business Fair Episode 02,1700.0,3 years 
The Hustlers Corner at the Durban Business Fair Episode 01,2200.0,3 years 
Who is Dr Sizwe Mpofu Walsh? The New Apartheid (Latest Book),53000.0,3 years 
"Who is Theo Baloyi? Talks on his upbringing, working in Dubai, PWC, Starting Bathu & more",49000.0,3 years 
IS BITCOIN/CRYPTOCURRENCY TAXED IN SOUTH AFRICA | DJ SBU TALKS TAX IMPLICATIONS ON CRYPTOCURRENCY,2400.0,3 years 
DJ SBU TALK ABOUT BITCOIN WORKS | HOW DOES BITCOIN WORK EXPLAINED IN PLAIN ENGLISH #WelcomeToCrypto,1800.0,3 years 
Lionel Messi Is Getting Paid In CryptoCurrency | WHAT DOES IT MEAN FOR THE FUTURE OF CRYPTOCURRENCY?,863.0,3 years 
How To Get Rich In Your 20s (10 THINGS YOU CAN DO TO CHANGE YOUR LIFE FOREVER) #DJSBU #SOUTHAFRICA,11000.0,3 years 
IS CRYPTOCURRENCY DEAD BECAUSE OF THE INFRASTRUCTURE BILL PASSED? #DJSBU #WelcomeToCrypto #Bitcoin,726.0,3 years 
HOW TO GET RICH WITH REAL ESTATE - KEY REASONS WHY YOU SHOULD INVEST IN REAL ESTATE #realestateSA,2900.0,3 years 
DJ SBU TALKS HEMP VS MARIJUANA | HOW YOU CAN GET RICH WITH CANNABIS #CANNABIS #DJSBU,1800.0,3 years 
"Get Ready For The Week, I Challenge you to do this everyday for Confidence & Prosperity Affirmations",4300.0,3 years 
WHY INVESTING IN CANNABIS CAN MAKE YOU RICH. ARE THERE RETURNS ON INVESTING IN A CANNABIS BUSINESS?,8400.0,3 years 
"DJ SBU TALKS INVESTMENTS, REAL ESTATE, CRYPTOCURRENCY & GOLD. #WELCOMETOCRYPTO",1200.0,3 years 
I Challenge you to listen to this everyday for 3 months & watch your life change #IAmAffirmation,7300.0,3 years 
What is Cryptocurrency Investing vs Trading | DJ Sbu #WelcomeToCrypto,2700.0,3 years 
"MUST WATCH! DJ SBU TALKS CRYPTOCURRENCY, REAL ESTATE, DROP SHIPPING + MORE. WHAT HAVE YOU DONE?",864.0,3 years 
Why you need to Invest in Real Estate ASAP!!!,1200.0,3 years 
10 Cryptocurrency Terms you need to know #WelcomeToCryptocurrency Episode 3 The Language of Crypto,1400.0,3 years 
Top 10 Cryptocurrency Exchanges in South Africa #WelcomeToCrypto episode 2,6900.0,3 years 
"What is Bitcoin, What is Cryptocurrency with DJ Sbu, #WelcomeToCryptocurrency Episode 1",2500.0,3 years 
Marshall Malaba Talks Drop-servicing | How to make your first $1000 Dollars online in South Africa,16000.0,3 years 
"Who is Boipelo Mabe? talks her upbringing, Miss SA, broadcasting, entrepreneurship & corporate SA",4600.0,3 years 
"Who is Grey Jabesi? talks his upbringing, Bitcoin, Crypto Currency, new podcast with DJ Sbu & more",12000.0,3 years 
"Who is TT Mbha? growing up the hood, navigating Jozi, climbing corporate ladder, media, real estate",23000.0,3 years 
"Who is Hope Mbhele? talks her story, parents, radio breakthrough, new ventures, Youff & New York",12000.0,3 years 
"Who is Oscar Mbo? talks his life story, Ashmed Hour, Podcasting, Varsity, Travelling, Music & more",86000.0,3 years 
"Who's ProVerb? talks on his life story, latest book, worth, suicide attempt, divorce, purpose & more",49000.0,4 years 
"Who is Lekau Sehoana? talks on his life story, Drip footwear, all his business ventures & more",57000.0,4 years 
"Who is Ayanda Thabethe? talks on her upbringing, Rockville, Connie Ferguson, Top Billing & more",10000.0,4 years 
"Who is Skinny Sbu? Talks about his life story, Skinny Sbu Socks, successes & failures, New store",10000.0,4 years 
"Who is Ciza? Son of TK Nciza & Nhlanhla Nciza (Mafikizolo), Adje, Opening a Legends Barber & more",15000.0,4 years 
#CovidBizSaver R20K Winner : Miss Mbulelo Food Zone | Food catering & delivery service | Nombulelo,902.0,4 years 
#CovidBizSaver R20K Winner : The Bead Lab | Jewellery & Watch maker | Busisiwe (founder),584.0,4 years 
#CovidBizSaver R20K Winner : Eggsellent | Egg supplier | Lebohang founder,869.0,4 years 
#CovidBizSaver R20K Winner : Supa Klin | Cleaning Detergents | Luyanda founder,4500.0,4 years 
Self Confidence Affirmations | Daily use for 3 Months,11000.0,4 years 
"Who is Monde Qotywa? Network marketing genius, lawyer & accountant. Shares his story",6600.0,4 years 
#CovidBizSaver R20K Winner : Fabcut | Mobile Salon | Fabrice (founder),696.0,4 years 
I AM Affirmations (SeSotho) = DITUMELLANO - DJ Sbu | Daily use for 3 Months,3600.0,4 years 
#CovidBizSaver R20K Winner : Virtue Nail & Beauty Spa | Beauty Spa | Senzi (founder),483.0,4 years 
#CovidBizSaver R20K Winner : Tebogo & Thatego Pest Control | Pest & Weed Control | Katlego (founder),412.0,4 years 
I AM Affirmations (isiZulu) = IZIQINISEKISO - DJ Sbu | Daily use for 3 Months,4600.0,4 years 
#CovidBizSaver R20K Winner : SM3 Trading & Projects | Furniture manufacturer | Papa is the founder,795.0,4 years 
#CovidBizSaver R20K Winner : Handcrafted Marley Locks | Hair product | Lerato & Mpho are co-founders,658.0,4 years 
#CovidBizSaver R20K Winner : Oxygen Trailers | Engineering company | Thabo is the founder,900.0,4 years 
#CovidBizSaver R20K Winner : Pex Lifestyle | Fashion Brand | Siyanda & Ayanda are Co-founders,972.0,4 years 
#CovidBizSaver R20K Winner : White Fox | Food delivery service | LERATO & OLEBOGILE ARE CO-FOUNDERS,2200.0,4 years 
I AM Affirmations | Daily use for 3 Months,6300.0,4 years 
Who is Khandani Msibi? He commits R400 000 to small businesses on #DJSBU (Social Media Trend) & more,5500.0,4 years 
Wealth & Prosperity Affirmations | Daily use for 3 months,10000.0,4 years 
"Book Recommendations | DJ Sbu : Global property, Herman Mashaba's book & Dali Lama, Desmond Tutu",1500.0,4 years 
Hustlers Nuggets edition | DJ Sbu : Don't waste time complaining; rather spend it finding solutions,3700.0,4 years 
Hustlers Nuggets edition | DJ Sbu : Create. Innovative. Disrupt.,1000.0,4 years 
Hustlers Nuggets edition | DJ Sbu : The Law Attraction done right,2000.0,4 years 
"Book Recommendations | DJ Sbu :Betting on a darkie, the scramble for resources & Steve Kekana's Book",1000.0,4 years 
"Book Recommendations | DJ Sbu : Business ideas, Zulu nation's history & rules of entrepreneurship",2200.0,4 years 
Gratitude Affirmations | Daily use for 3 months,6700.0,4 years 
Confidence & Prosperity Affirmations | Daily use,22000.0,4 years 
"Who is Darrel Frater? How to start & maintain a business, startup Investor",1600.0,4 years 
Hustlers Conversations : Steps on being successful,6800.0,4 years 
"Hustlers Conversations : Who is StoneBwoy? talking African Music, Grammy Award Nomination & more",663.0,4 years 
Hustlers Conversations : Who is Farai Gundan? The Future of Africa,1900.0,4 years 
"Hustlers Conversations : Nicolette Mahile | Investments during lockdown, Assist Allocation & more",5700.0,4 years 
Hustlers Conversations : Who is Dr Rashid Buttar? | Part 1,70000.0,4 years 
"Hustlers Conversations : Who is Marnus Broodryk | The Beancounter, his book, Business in quarantine",799.0,4 years 
"Hustlers Conversations : Who is Tbo Touch | Media, business, the USA, Politics, Value Chain & more",10000.0,4 years 
"Hustlers Conversations : Sylvester Chauke talks - Advertising, DNA, Entrepreneurship & more",1600.0,4 years 
"Hustlers Nuggets edition | DJ Sbu : Attitude, Etiquette, Behavior & more",7200.0,4 years 
"Hustlers Nuggets edition | DJ Sbu : Business you should go into, How capitalize on Internships",5300.0,4 years 
"Hustlers Conversations : Lebo Gunguluza making his first million, how you can make money online&more",5200.0,4 years 
"Episode 18 | Tumi Molekwane | Stogie T | Upbringing | Career | Europe, US, Africa |",1700.0,4 years 
Episode 17 | Theo Baloyi | Bathu ( the biggest African Sneaker brand),6400.0,4 years 
Episode 16 | TK Nciza | TS Records | Politics | Ekurhuleni | Business | Family | The Future & more,6500.0,4 years 
The Hustler's Vlog : People Are Important,854.0,4 years 
Hustlers Nuggets edition | DJ Sbu : Body of Work,1100.0,4 years 
Hustlers Nuggets edition | DJ Sbu : How to take advantage of the Lockdown,6600.0,4 years 
Episode 15 | Scott Picken | New book | Property Investing and more.,9100.0,4 years 
"Episode14| Penny Lebyane| Parenting |Broadcasting | VOS| Metro FM |Kaya FM |Social Media, Depression",10000.0,4 years 
Episode13 | Bob Mabena | Radio Bob | First show | History of broadcasting |Get Funky | Life lessons,122000.0,4 years 
Episode12 | Sibulelo Sibaca | HIV/AIDS| Losing parents| Turning down Richard Branson | Globetrotting,30000.0,4 years 
Episode 11 | Nicolette Mashile Financial Bunny | MBA Studies | Policies | Taking after her parents,24000.0,5 years 
"Hustlers Nuggets edition | DJ Sbu : Time is the NEW CURRENCY, start now.",679.0,5 years 
Hustlers Nuggets edition | DJ Sbu : Don't worry about your age. YOU still can succeed!,29000.0,5 years 
"Hustlers Nuggets edition | DJ Sbu : Affirmations, Visualizing, Hard work",6400.0,5 years 
Episode 10 Who is Billionaire Mike Teke | The Hustlers Corner LIVE @ TEA: How to grow small business,12000.0,5 years 
Episode 9 | Who is Vuyokazi Nomvalo | RH Bopelo medical investment co. | Working career & much more,4100.0,5 years 
Episode 8 | Dr Mamikie Molapo speaks to youth | Upbringing | Spirituality | USA | Family and more,12000.0,5 years 
Episode 7 | Who is Letshego Zulu | Business | Family | Gugu Zulu's passing | New Book & more,6500.0,5 years 
Episode 6 | Who is Chef Nti | Starting from the bottom twice | Business and much more.,6400.0,5 years 
Episode 5 | Zakes Bantwini | Black Empowerment | African business | Hugh Masekela | Themba Mkhize,32000.0,5 years 
Episode 4 | Busi Mkhumbuzi Pooe | Activism | UCT | Ted Women & TedXUCT | Tshimong | USA and more,7500.0,5 years 
Episode 3 | Michelle Mosalakae | Acting career | Family and more,7400.0,5 years 
Episose 2 | Dr Nokukhanya Khanyile | Medicine | Mental health | Religion & more,40000.0,5 years 
Episode 1| Jabulani 'Cashflow' Ngcobo | 'Cashflow Naked'| Financial educaction | Forex & more,197000.0,5 years 
